<?xml version="1.0" encoding="UTF-8"?>
<!DOCTYPE hibernate-configuration PUBLIC
	"-//Hibernate/Hibernate Configuration DTD 3.0//EN"
	"http://www.hibernate.org/dtd/hibernate-configuration-3.0.dtd">
	
	<hibernate-configuration>
	<session-factory>
	
<!--  Connection Properties  -->
<property name="connection.driver_class">com.mysql.cj.jdbc.Driver</property>
<property name="connection.url">jdbc:mysql://localhost:3306/examdatabase</property>
<property name="connection.user">root</property>
<property name="connection.password">GNANI1651A</property>

<!--  Hibernate Properties  -->
<property name="hibernate.dialect">org.hibernate.dialect.MySQL8Dialect</property>
<property name="hibernate.hbm2ddl.auto">update</property>
<property name="hibernate.show_sql">true</property>

<mapping class="com.klef.jfsd.exam.inheritancemapping.Car"/>
<mapping class="com.klef.jfsd.exam.inheritancemapping.Truck"/>
<mapping class="com.klef.jfsd.exam.inheritancemapping.Vehicle"/>


	
	

	</session-factory>
	</hibernate-configuration>
